<?xml version="1.0" encoding="utf-8" standalone="yes"?>
<rss version="2.0" xmlns:atom="http://www.w3.org/2005/Atom">
  <channel>
    <title>github on Made Wiguna Blogger</title>
    <link>https://madewgn.github.io/tags/github/</link>
    <description>Recent content in github on Made Wiguna Blogger</description>
    <generator>Hugo -- gohugo.io</generator>
    <language>en-us</language>
    <lastBuildDate>Mon, 04 Oct 2021 22:28:20 +0000</lastBuildDate><atom:link href="https://madewgn.github.io/tags/github/index.xml" rel="self" type="application/rss+xml" />
    <item>
      <title>Cara Deploy Hugo ke github</title>
      <link>https://madewgn.github.io/artikel/cara-deploy-hugo-ke-github/</link>
      <pubDate>Mon, 04 Oct 2021 22:28:20 +0000</pubDate>
      
      <guid>https://madewgn.github.io/artikel/cara-deploy-hugo-ke-github/</guid>
      <description>Melanjutkan tulisan sebelumnya mengenai cara membuat blog dengan Hugo, sekarang kita akan menghostingkan static site yang kita buat ke Github. Dengan fitur Github Pages yang disediakan oleh Github, kita bisa menghostingkan file-file yang digenerate oleh Hugo.    (adsbygoogle = window.adsbygoogle || []).push({});  Pertama, buat terlebih dahulu sebuah repository di Github.
Sebagai contoh, saya sudah membuat repository dengan alamat berikut:
https://github.com/madewgn/madewgn.github.io/    (adsbygoogle = window.adsbygoogle || []).</description>
    </item>
    
  </channel>
</rss>
