<?xml version="1.0" encoding="utf-8" standalone="yes"?>
<rss version="2.0" xmlns:atom="http://www.w3.org/2005/Atom">
  <channel>
    <title>books on Made Wiguna Blogger</title>
    <link>https://madewgn.github.io/tags/books/</link>
    <description>Recent content in books on Made Wiguna Blogger</description>
    <generator>Hugo -- gohugo.io</generator>
    <language>en-us</language>
    <lastBuildDate>Wed, 26 Feb 2020 00:00:00 +0000</lastBuildDate><atom:link href="https://madewgn.github.io/tags/books/index.xml" rel="self" type="application/rss+xml" />
    <item>
      <title>Flake it till you make it</title>
      <link>https://madewgn.github.io/artikel/flake-it-till-you-make-it/</link>
      <pubDate>Wed, 26 Feb 2020 00:00:00 +0000</pubDate>
      
      <guid>https://madewgn.github.io/artikel/flake-it-till-you-make-it/</guid>
      <description>Under what circumstances should we step off a path? When is it essential that we finish what we start? If I bought a bag of peanuts and had an allergic reaction, no one would fault me if I threw it out. If I ended a relationship with a woman who hit me, no one would say that I had a commitment problem. But if I walk away from a seemingly secure route because my soul has other ideas, I am a flake?</description>
    </item>
    
  </channel>
</rss>
