<?xml version="1.0" encoding="utf-8" standalone="yes"?>
<rss version="2.0" xmlns:atom="http://www.w3.org/2005/Atom">
  <channel>
    <title>Series on Made Wiguna Blogger</title>
    <link>https://madewgn.github.io/series/</link>
    <description>Recent content in Series on Made Wiguna Blogger</description>
    <generator>Hugo -- gohugo.io</generator>
    <language>en-us</language><atom:link href="https://madewgn.github.io/series/index.xml" rel="self" type="application/rss+xml" />
  </channel>
</rss>
