<?xml version="1.0" encoding="utf-8" standalone="yes"?>
<rss version="2.0" xmlns:atom="http://www.w3.org/2005/Atom">
  <channel>
    <title>Blogger on Made Wiguna Blogger</title>
    <link>https://madewgn.github.io/tags/blogger/</link>
    <description>Recent content in Blogger on Made Wiguna Blogger</description>
    <generator>Hugo -- gohugo.io</generator>
    <language>en-us</language>
    <lastBuildDate>Mon, 19 Jul 2021 00:00:00 +0000</lastBuildDate><atom:link href="https://madewgn.github.io/tags/blogger/index.xml" rel="self" type="application/rss+xml" />
    <item>
      <title></title>
      <link>https://madewgn.github.io/artikel/</link>
      <pubDate>Mon, 19 Jul 2021 00:00:00 +0000</pubDate>
      
      <guid>https://madewgn.github.io/artikel/</guid>
      <description>PUNYA Radio Online Streaming alias Radio Internet di My Radio Stream? Mau pasang alias &amp;ldquo;tempel&amp;rdquo; (embed) playernya di blog blogspot Anda?
Oh, blom punya? Bikin dong, gratis kok! Ini dia Cara Membuat Radio Online.
Kalau sudah punya, untuk memasang playernya di blog, Anda tinggal COPY kode berikut ini dan PASTE di Halaman Statis atau di Sidebar (Widget).
 Cara memasang Player Radio Online di Halaman Statis (Static Page):
 Pages &amp;gt; New Page &amp;gt; Klik mode &amp;ldquo;HTML&amp;rdquo; COPAS kode berikut ini:   live demo </description>
    </item>
    
    <item>
      <title></title>
      <link>https://madewgn.github.io/artikel/</link>
      <pubDate>Sat, 17 Jul 2021 00:00:00 +0000</pubDate>
      
      <guid>https://madewgn.github.io/artikel/</guid>
      <description>cara membuat TV online trans 7 di blog atau website Cara Mudah Memasang Script Streaming TV Online di Blog – Tutorial kali ini saya akan membagikan bagaimana cara memasang script streaning TV Online di blog.
Sebenarnya cara memasangnya cukup mudah, yang perlu anda lakukan adalah mencari embed TV Online itu sendiri kemudian anda pasangkan di blog anda.
 Anda tidak perlu pusing untuk mencarinya, dibawah ini sudah saya sertakan script embednya, jadi anda tinggal memasangnya saja di Blog anda.</description>
    </item>
    
    <item>
      <title>Template Blogger AMP HTML Gratis Terbaik</title>
      <link>https://madewgn.github.io/artikel/template-blogger-amp-html-gratis-terbaik/</link>
      <pubDate>Sat, 17 Jul 2021 00:00:00 +0000</pubDate>
      
      <guid>https://madewgn.github.io/artikel/template-blogger-amp-html-gratis-terbaik/</guid>
      <description>Apa itu AMP ? AMP (Accelerated Mobile Pages) atau sering disebut dengan AMP HTML merupakan salah satu project yang dikembangkan oleh Google.
AMP HTML memiliki struktur yang meminimalisir penggunaan JavaScript, CSS, HTML. Jadi ada aturan tertentu dalam penulisan tag atau baris kode pada website AMP HTML.
Tujuan dari AMP HTML yaitu untuk meningkatkan kecepatan akses sebuah website, khususnya akses website dari device smartphone.
Jadi untuk teman-teman yang mungkin pengunjung situsnya kebanyakan dari smartphone, menggunakan AMP HTML adalah salah satu alternatif untuk meningkatkan user experience pada situs Anda.</description>
    </item>
    
  </channel>
</rss>
