<?xml version="1.0" encoding="utf-8" standalone="yes"?>
<rss version="2.0" xmlns:atom="http://www.w3.org/2005/Atom">
  <channel>
    <title>heroku on Made Wiguna Blogger</title>
    <link>https://madewgn.github.io/tags/heroku/</link>
    <description>Recent content in heroku on Made Wiguna Blogger</description>
    <generator>Hugo -- gohugo.io</generator>
    <language>en-us</language>
    <lastBuildDate>Wed, 29 Sep 2021 00:00:00 +0000</lastBuildDate><atom:link href="https://madewgn.github.io/tags/heroku/index.xml" rel="self" type="application/rss+xml" />
    <item>
      <title>cara mudah membuat shortlink dengan heroku</title>
      <link>https://madewgn.github.io/artikel/cara-mudah-membuat-shortlink-dengan-heroku/</link>
      <pubDate>Wed, 29 Sep 2021 00:00:00 +0000</pubDate>
      
      <guid>https://madewgn.github.io/artikel/cara-mudah-membuat-shortlink-dengan-heroku/</guid>
      <description>demo 
Baru-baru ini banyak sekali situs-situs Shorten URL yang memberikan layanan untuk memperpendek URL, dari situs yang tidak memberikan apa-apa untuk kita sampai ada yang memberikan feedback seperti uang kepada kita untuk setiap URL yang dikunjungi oleh pengunjung.
Dari banyaknya situs untuk memperpendek URL, situs mana yang pernah kamu coba? apakah adf.ly? shorte.st? de.tk? atau mungkin situs milik saya pendk.tk? :D. Dari situs-situs tersebut mungkin ada kekurangan dan kelebihannya masing-masing ya.</description>
    </item>
    
  </channel>
</rss>
