<?xml version="1.0" encoding="utf-8" standalone="yes"?>
<rss version="2.0" xmlns:atom="http://www.w3.org/2005/Atom">
  <channel>
    <title>tutorial on Made Wiguna Blogger</title>
    <link>https://madewgn.github.io/tags/tutorial/</link>
    <description>Recent content in tutorial on Made Wiguna Blogger</description>
    <generator>Hugo -- gohugo.io</generator>
    <language>en-us</language>
    <lastBuildDate>Fri, 01 Oct 2021 11:20:11 +0000</lastBuildDate><atom:link href="https://madewgn.github.io/tags/tutorial/index.xml" rel="self" type="application/rss+xml" />
    <item>
      <title>Tutorial Hugo lengkap</title>
      <link>https://madewgn.github.io/artikel/tutorial-hugo-lengkap/</link>
      <pubDate>Fri, 01 Oct 2021 11:20:11 +0000</pubDate>
      
      <guid>https://madewgn.github.io/artikel/tutorial-hugo-lengkap/</guid>
      <description>(adsbygoogle = window.adsbygoogle || []).push({});  tutorial belajar hugo pemula  Persiapan hugo Membuat blog &amp;amp; membuat artikel baru di hugo panduan menulis mengunakan markdowns Cara deploy hugo di Github     (adsbygoogle = window.adsbygoogle || []).push({});  tutorial tingkat lanjutan  Cara Inport Artikel blogger Ke Hugo Cara migrasi WordPress ke hugo   sedang di buat ⚠️⚠️ Tutorial deploy / hosting hugo di netlify Cara costume domain hugo     (adsbygoogle = window.</description>
    </item>
    
  </channel>
</rss>
