<?xml version="1.0" encoding="utf-8" standalone="yes"?>
<rss version="2.0" xmlns:atom="http://www.w3.org/2005/Atom">
  <channel>
    <title>Berita on Made Wiguna Blogger</title>
    <link>https://madewgn.github.io/berita/</link>
    <description>Recent content in Berita on Made Wiguna Blogger</description>
    <generator>Hugo -- gohugo.io</generator>
    <language>en-us</language>
    <lastBuildDate>Sat, 02 Oct 2021 05:27:20 +0000</lastBuildDate><atom:link href="https://madewgn.github.io/berita/index.xml" rel="self" type="application/rss+xml" />
    <item>
      <title>Pasang Kamera Di Toilet Siswi Guru Sd Di Metropolis Tokyo Ditangkap</title>
      <link>https://madewgn.github.io/berita/pasang-kamera-di-toilet-siswi-guru-sd-di-metropolis-tokyo-ditangkap/</link>
      <pubDate>Sat, 02 Oct 2021 05:27:20 +0000</pubDate>
      
      <guid>https://madewgn.github.io/berita/pasang-kamera-di-toilet-siswi-guru-sd-di-metropolis-tokyo-ditangkap/</guid>
      <description>Seorang guru SD berusia 33 tahun ditangkap Kepolisian Distrik Adachi, Metropolitan Tokyo atas dugaan tindakan voyeurism menggunakan kamera. Tempat kejadian berada di toilet perempuan di Sekolah Dasar yang juga menjadi tempat pria ini mengajar. Pria berinisial KN ini diancam dengan pasal pelanggaran pornografi anak.
   (adsbygoogle = window.adsbygoogle || []).push({});  Menurut penuturan dari pihak kepolisian, guru SD ini memasang kamera di bagian lantai toilet siswi perempuan di sekolah tempatnya mengajar.</description>
    </item>
    
  </channel>
</rss>
