<?xml version="1.0" encoding="utf-8" standalone="yes"?>
<rss version="2.0" xmlns:atom="http://www.w3.org/2005/Atom">
  <channel>
    <title>hugo on Made Wiguna Blogger</title>
    <link>https://madewgn.github.io/tags/hugo/</link>
    <description>Recent content in hugo on Made Wiguna Blogger</description>
    <generator>Hugo -- gohugo.io</generator>
    <language>en-us</language>
    <lastBuildDate>Tue, 05 Oct 2021 10:17:25 +0000</lastBuildDate><atom:link href="https://madewgn.github.io/tags/hugo/index.xml" rel="self" type="application/rss+xml" />
    <item>
      <title>Cara Memasang Kode Adsense Di Hugo</title>
      <link>https://madewgn.github.io/artikel/cara-memasang-kode-adsense-di-hugo/</link>
      <pubDate>Tue, 05 Oct 2021 10:17:25 +0000</pubDate>
      
      <guid>https://madewgn.github.io/artikel/cara-memasang-kode-adsense-di-hugo/</guid>
      <description>ads 
Halo selamat datang kembali di Made Wiguna Bloggers, kali ini saya akan memberikan tutorial singkat cara memasang kode AdSense di hugo, tapi sebelum itu pastikan kamu sudah mempunyai akun adsense nya dulu ya !! :D
Btw ada 2 cara nih untuk menampilkan iklan AdSense di hugo
 Pasang script AdSense di head.html Menggunakan shortcode  Yang pertama akan saya bahas ada cara menambahkan script AdSense di head.html</description>
    </item>
    
    <item>
      <title>Cara Deploy Hugo ke github</title>
      <link>https://madewgn.github.io/artikel/cara-deploy-hugo-ke-github/</link>
      <pubDate>Mon, 04 Oct 2021 22:28:20 +0000</pubDate>
      
      <guid>https://madewgn.github.io/artikel/cara-deploy-hugo-ke-github/</guid>
      <description>Melanjutkan tulisan sebelumnya mengenai cara membuat blog dengan Hugo, sekarang kita akan menghostingkan static site yang kita buat ke Github. Dengan fitur Github Pages yang disediakan oleh Github, kita bisa menghostingkan file-file yang digenerate oleh Hugo.    (adsbygoogle = window.adsbygoogle || []).push({});  Pertama, buat terlebih dahulu sebuah repository di Github.
Sebagai contoh, saya sudah membuat repository dengan alamat berikut:
https://github.com/madewgn/madewgn.github.io/    (adsbygoogle = window.adsbygoogle || []).</description>
    </item>
    
    <item>
      <title>Cara Migrasi WordPress Ke Hugo</title>
      <link>https://madewgn.github.io/artikel/cara-migrasi-wordpress-ke-hugo/</link>
      <pubDate>Sat, 02 Oct 2021 02:23:34 +0000</pubDate>
      
      <guid>https://madewgn.github.io/artikel/cara-migrasi-wordpress-ke-hugo/</guid>
      <description>cara migrasi WordPress ke Hugo Selamat datang lagi di blog madewgn dulu saya sudah pernah membahas bagaimana caranya migrasi blogger ke hugo tapi sekarang saya akan memberikan tutorial singkat bagaimana sih caranya migrasi dari wordpress ke hugo.    (adsbygoogle = window.adsbygoogle || []).push({});  Pertama - tama silakan Install python terlebih dahulu
sudo apt-get install python-yaml python-bs4 python-html2text Langkah kedua silakan clone dulu repository nya
git clone https://github.com/wooni005/exitwp-for-hugo.git    (adsbygoogle = window.</description>
    </item>
    
    <item>
      <title>Cara NgeBlog di HP dengan hugo</title>
      <link>https://madewgn.github.io/artikel/cara-ngeblog-di-hp-dengan-hugo/</link>
      <pubDate>Sat, 02 Oct 2021 00:00:00 +0000</pubDate>
      
      <guid>https://madewgn.github.io/artikel/cara-ngeblog-di-hp-dengan-hugo/</guid>
      <description>Memang bisa ngeblog pakai Termux? Tentu saja bisa dong, membahas Termux tidak melulu tentang hacking dan sebagainya.
Banyak hal yang bisa kalian manfaatkan dari Termux ini, salah satunya untuk ngeblog.
Supaya bisa ngeblog di Termux, kalian bisa menggunakan static site generator, alat yang berfungsi untuk membangun website statis.
Website statis sudah aja sejak dulu, sebelum adanya CMS (WordPress, Joomla, Drupal, dll).
Dulu untuk membangun situs web statis, perlu membuat satu per satu file HTML, CSS, dan JavaScript.</description>
    </item>
    
    <item>
      <title>Tutorial Hugo lengkap</title>
      <link>https://madewgn.github.io/artikel/tutorial-hugo-lengkap/</link>
      <pubDate>Fri, 01 Oct 2021 11:20:11 +0000</pubDate>
      
      <guid>https://madewgn.github.io/artikel/tutorial-hugo-lengkap/</guid>
      <description>(adsbygoogle = window.adsbygoogle || []).push({});  tutorial belajar hugo pemula  Persiapan hugo Membuat blog &amp;amp; membuat artikel baru di hugo panduan menulis mengunakan markdowns Cara deploy hugo di Github     (adsbygoogle = window.adsbygoogle || []).push({});  tutorial tingkat lanjutan  Cara Inport Artikel blogger Ke Hugo Cara migrasi WordPress ke hugo   sedang di buat ⚠️⚠️ Tutorial deploy / hosting hugo di netlify Cara costume domain hugo     (adsbygoogle = window.</description>
    </item>
    
    <item>
      <title>Cara Membuat Blog Di Hugo</title>
      <link>https://madewgn.github.io/artikel/cara-membuat-blog-di-hugo/</link>
      <pubDate>Fri, 01 Oct 2021 10:22:48 +0000</pubDate>
      
      <guid>https://madewgn.github.io/artikel/cara-membuat-blog-di-hugo/</guid>
      <description>Sebelumnya sudah saya buat persiapan ngeblog di hugo sekarang akan saya buatkan tutorial cara membuat blog di hugo lengkap dengan cara membuat artikelnya
   (adsbygoogle = window.adsbygoogle || []).push({});  Membuat blog dengan Hugo Pertama, buatlah blog dengan hugo seperti contoh berikut ini.
hugo new site namablog Kedua, masuk ke direktori namablog.
cd namablog Selanjutnya, unduh tema dan pasang ke blog kalian.
Temanya bisa kalian unduh dari Hugo Themes.</description>
    </item>
    
    <item>
      <title>Persiapan Hugo</title>
      <link>https://madewgn.github.io/artikel/persiapan-hugo/</link>
      <pubDate>Fri, 01 Oct 2021 09:30:38 +0000</pubDate>
      
      <guid>https://madewgn.github.io/artikel/persiapan-hugo/</guid>
      <description>Saya punya blog nih
CMS-nya menggunakan Blogger
tapi tidak pernah terurus.
Mungkin saya malas, karena koneksi internet yang kurang cepat.
Maklum tinggal di desa, sinyalnya tidak stabil 😄.
   (adsbygoogle = window.adsbygoogle || []).push({});  Kendala yang saya alami:
 Tidak bisa ngedit artikel secara offline. Kurang aman. (Takut nya ke ban, dll) dan masih banyak lagi. Karena itu, sekarang saya lebih suka ngeblog dari teks editor menggunakan SSG (Satatic Site Generator) daripada CMS seperti Wordpress dan blogger  SSG yang saya pilih adalah Hugo.</description>
    </item>
    
    <item>
      <title>Cara Inport Artikel blogger Ke Hugo</title>
      <link>https://madewgn.github.io/artikel/cara-inport-artikel-blogger-ke-hugo/</link>
      <pubDate>Thu, 30 Sep 2021 22:20:29 +0000</pubDate>
      
      <guid>https://madewgn.github.io/artikel/cara-inport-artikel-blogger-ke-hugo/</guid>
      <description>Dalam rangka migrasi blog saya yang sebelumnya di blogspot ke hugo, saya harus melakukan impor artikel dari Blogger ke Hugo.
Untungnya Hugo sudah menyediakan skrip untuk impor konten dari blogger ke Hugo.
Proses impor ini memakan waktu cukup cepat. Saya kira, tidak sampai 15 menit.
Mungkin anda bisa melakukannya lebih cepat.
Begini caranya…
   (adsbygoogle = window.adsbygoogle || []).push({});  pastikan telah menginstal Go (Golang) dan Git.
sudo apt install git golang Kemudian lakukan langkah-langkah berikut ini.</description>
    </item>
    
  </channel>
</rss>
