<?xml version="1.0" encoding="utf-8" standalone="yes"?>
<rss version="2.0" xmlns:atom="http://www.w3.org/2005/Atom">
  <channel>
    <title>Posts on Made Wiguna Blogger</title>
    <link>https://madewgn.github.io/post/</link>
    <description>Recent content in Posts on Made Wiguna Blogger</description>
    <generator>Hugo -- gohugo.io</generator>
    <language>en-us</language>
    <lastBuildDate>Tue, 05 Oct 2021 10:17:25 +0000</lastBuildDate><atom:link href="https://madewgn.github.io/post/index.xml" rel="self" type="application/rss+xml" />
    <item>
      <title>Cara Memasang Kode Adsense Di Hugo</title>
      <link>https://madewgn.github.io/artikel/cara-memasang-kode-adsense-di-hugo/</link>
      <pubDate>Tue, 05 Oct 2021 10:17:25 +0000</pubDate>
      
      <guid>https://madewgn.github.io/artikel/cara-memasang-kode-adsense-di-hugo/</guid>
      <description>ads 
Halo selamat datang kembali di Made Wiguna Bloggers, kali ini saya akan memberikan tutorial singkat cara memasang kode AdSense di hugo, tapi sebelum itu pastikan kamu sudah mempunyai akun adsense nya dulu ya !! :D
Btw ada 2 cara nih untuk menampilkan iklan AdSense di hugo
 Pasang script AdSense di head.html Menggunakan shortcode  Yang pertama akan saya bahas ada cara menambahkan script AdSense di head.html</description>
    </item>
    
    <item>
      <title>Cara Deploy Hugo ke github</title>
      <link>https://madewgn.github.io/artikel/cara-deploy-hugo-ke-github/</link>
      <pubDate>Mon, 04 Oct 2021 22:28:20 +0000</pubDate>
      
      <guid>https://madewgn.github.io/artikel/cara-deploy-hugo-ke-github/</guid>
      <description>Melanjutkan tulisan sebelumnya mengenai cara membuat blog dengan Hugo, sekarang kita akan menghostingkan static site yang kita buat ke Github. Dengan fitur Github Pages yang disediakan oleh Github, kita bisa menghostingkan file-file yang digenerate oleh Hugo.    (adsbygoogle = window.adsbygoogle || []).push({});  Pertama, buat terlebih dahulu sebuah repository di Github.
Sebagai contoh, saya sudah membuat repository dengan alamat berikut:
https://github.com/madewgn/madewgn.github.io/    (adsbygoogle = window.adsbygoogle || []).</description>
    </item>
    
    <item>
      <title>Cara Membuat Privacy Policy</title>
      <link>https://madewgn.github.io/artikel/cara-membuat-privacy-policy/</link>
      <pubDate>Sun, 03 Oct 2021 23:01:51 +0000</pubDate>
      
      <guid>https://madewgn.github.io/artikel/cara-membuat-privacy-policy/</guid>
      <description>Apa Itu Privacy Policy? Privacy policy adalah halaman pernyataan terkait seberapa jauh kita menggunakan informasi yang terkumpul dari pengunjung.
Baik secara sebagian maupun secara keseluruhan. Informasi yang biasa di ambil website biasanya berupa cookies yang saat ini digunakan sebagai salah satu data distribusi iklan.    (adsbygoogle = window.adsbygoogle || []).push({});  Keberadaan halaman privacy policy yang menjelaskan setiap persetujuan tentu sangat dibutuhkan sebagai salah satu syarat agar blog bisa di-approve oleh Google Adsense.</description>
    </item>
    
    <item>
      <title>Konfigurasi Git</title>
      <link>https://madewgn.github.io/artikel/konfigurasi-git/</link>
      <pubDate>Sun, 03 Oct 2021 11:45:50 +0000</pubDate>
      
      <guid>https://madewgn.github.io/artikel/konfigurasi-git/</guid>
      <description>Konfigurasi Awal yang Harus Dilakukan Ada beberapa konfigurasi yang harus dupersiapakan sebelum mulai menggunakan Git, seperti name dan email.
   (adsbygoogle = window.adsbygoogle || []).push({});  Silahkan lakukan konfigurasi dengan perintah berikut ini.
git config --global user.name &amp;#34;MadeWgn&amp;#34; git config --global user.email contoh@madewgn.com Silakan ganti username dan email sesuai dengan yang kalian punya ya Kemudian periksa konfigurasinya dengan perintah:
git config --list    (adsbygoogle = window.adsbygoogle || []).</description>
    </item>
    
    <item>
      <title>Cara Inatall Git Di Linux</title>
      <link>https://madewgn.github.io/artikel/cara-inatall-git-di-linux/</link>
      <pubDate>Sat, 02 Oct 2021 23:12:56 +0000</pubDate>
      
      <guid>https://madewgn.github.io/artikel/cara-inatall-git-di-linux/</guid>
      <description>Cara Install Git di Linux
Instalasi Git pada Distro keluarga Debian dapat menggunakan perintah apt.
   (adsbygoogle = window.adsbygoogle || []).push({});  sudo apt install git atau
sudo apt-get install git Pada Fedora:
yum install git Setelah itu, coba perika versi yang terinstal dengan perintah:
git --vers    (adsbygoogle = window.adsbygoogle || []).push({});  Selanjutnya : konfigurasi git yang harus dilakukan</description>
    </item>
    
    <item>
      <title>Cara Install Git Windows</title>
      <link>https://madewgn.github.io/artikel/cara-install-git-windows/</link>
      <pubDate>Sat, 02 Oct 2021 09:02:56 +0000</pubDate>
      
      <guid>https://madewgn.github.io/artikel/cara-install-git-windows/</guid>
      <description>Cara Install Git di Windows Instalasi Git di Windows memang tidak seperti di Linux yang ketik perintah langsung terinstal.
Kita harus men-download dulu, kemudian melakukan ritual next&amp;gt;next&amp;gt;finish.
Tapi dalam ritual tersebut, ada pilihan yang harus diperhatikan agar perintah git dapat dikenali di CMD.
Download Git Silahkan buka website resminya Git ( git-scm.com). Kemudian unduh Git sesuai dengan arsitektur komputer kita. Kalau menggunakan 64bit, unduh yang 64bit. Begitu juga kalau menggunakan 32bit.</description>
    </item>
    
    <item>
      <title>Cara Migrasi WordPress Ke Hugo</title>
      <link>https://madewgn.github.io/artikel/cara-migrasi-wordpress-ke-hugo/</link>
      <pubDate>Sat, 02 Oct 2021 02:23:34 +0000</pubDate>
      
      <guid>https://madewgn.github.io/artikel/cara-migrasi-wordpress-ke-hugo/</guid>
      <description>cara migrasi WordPress ke Hugo Selamat datang lagi di blog madewgn dulu saya sudah pernah membahas bagaimana caranya migrasi blogger ke hugo tapi sekarang saya akan memberikan tutorial singkat bagaimana sih caranya migrasi dari wordpress ke hugo.    (adsbygoogle = window.adsbygoogle || []).push({});  Pertama - tama silakan Install python terlebih dahulu
sudo apt-get install python-yaml python-bs4 python-html2text Langkah kedua silakan clone dulu repository nya
git clone https://github.com/wooni005/exitwp-for-hugo.git    (adsbygoogle = window.</description>
    </item>
    
    <item>
      <title>Cara NgeBlog di HP dengan hugo</title>
      <link>https://madewgn.github.io/artikel/cara-ngeblog-di-hp-dengan-hugo/</link>
      <pubDate>Sat, 02 Oct 2021 00:00:00 +0000</pubDate>
      
      <guid>https://madewgn.github.io/artikel/cara-ngeblog-di-hp-dengan-hugo/</guid>
      <description>Memang bisa ngeblog pakai Termux? Tentu saja bisa dong, membahas Termux tidak melulu tentang hacking dan sebagainya.
Banyak hal yang bisa kalian manfaatkan dari Termux ini, salah satunya untuk ngeblog.
Supaya bisa ngeblog di Termux, kalian bisa menggunakan static site generator, alat yang berfungsi untuk membangun website statis.
Website statis sudah aja sejak dulu, sebelum adanya CMS (WordPress, Joomla, Drupal, dll).
Dulu untuk membangun situs web statis, perlu membuat satu per satu file HTML, CSS, dan JavaScript.</description>
    </item>
    
    <item>
      <title>Cara mendaftar blog ke Google News</title>
      <link>https://madewgn.github.io/artikel/cara-mendaftar-blog-ke-google-news/</link>
      <pubDate>Fri, 01 Oct 2021 22:06:46 +0000</pubDate>
      
      <guid>https://madewgn.github.io/artikel/cara-mendaftar-blog-ke-google-news/</guid>
      <description>(adsbygoogle = window.adsbygoogle || []).push({});  Daftar Google News untuk blog merupakan cara terbaik untuk mendatangkan pengunjung organik, dan membantu meningkatkan penghasilan adsense.
Google News merupakan layanan dari Google yang memberikan informasi terkini dalam bentuk berita dari berbagai website di seluruh dunia, termasuk Indonesia.
Google News tidak hanya bermanfaat bagi pembaca semata, tetapi juga menjadi andalan bagi pemilik website atau blog. Karena itulah setiap pemilik website menginginkan artikel mereka tampil di Google News.</description>
    </item>
    
    <item>
      <title>Tutorial Hugo lengkap</title>
      <link>https://madewgn.github.io/artikel/tutorial-hugo-lengkap/</link>
      <pubDate>Fri, 01 Oct 2021 11:20:11 +0000</pubDate>
      
      <guid>https://madewgn.github.io/artikel/tutorial-hugo-lengkap/</guid>
      <description>(adsbygoogle = window.adsbygoogle || []).push({});  tutorial belajar hugo pemula  Persiapan hugo Membuat blog &amp;amp; membuat artikel baru di hugo panduan menulis mengunakan markdowns Cara deploy hugo di Github     (adsbygoogle = window.adsbygoogle || []).push({});  tutorial tingkat lanjutan  Cara Inport Artikel blogger Ke Hugo Cara migrasi WordPress ke hugo   sedang di buat ⚠️⚠️ Tutorial deploy / hosting hugo di netlify Cara costume domain hugo     (adsbygoogle = window.</description>
    </item>
    
    <item>
      <title>panduan menulis mengunakan markdowns</title>
      <link>https://madewgn.github.io/artikel/panduan-menulis-mengunakan-markdowns/</link>
      <pubDate>Fri, 01 Oct 2021 10:46:30 +0000</pubDate>
      
      <guid>https://madewgn.github.io/artikel/panduan-menulis-mengunakan-markdowns/</guid>
      <description>(adsbygoogle = window.adsbygoogle || []).push({});  Bagi yang sering bermain di Github dan web serupa, pasti sering melihat markdown. Biasanya markdown digunakan untuk menuliskan dokumentasi.
Pada dasarnya markdown sama seperti HTML. Namun, lebih sederhana dan mudah dibaca.
Saat ini markdown sudah digunakan untuk:
  Dokumentasi;
  SSG (Static Site Generator);
  CMS seperti Ghost, Wordpress, Tumblr, dll.;
  Penulisan Buku;
  Format teks pada chat: Telegram, WA, Facebook;</description>
    </item>
    
    <item>
      <title>Cara Membuat Blog Di Hugo</title>
      <link>https://madewgn.github.io/artikel/cara-membuat-blog-di-hugo/</link>
      <pubDate>Fri, 01 Oct 2021 10:22:48 +0000</pubDate>
      
      <guid>https://madewgn.github.io/artikel/cara-membuat-blog-di-hugo/</guid>
      <description>Sebelumnya sudah saya buat persiapan ngeblog di hugo sekarang akan saya buatkan tutorial cara membuat blog di hugo lengkap dengan cara membuat artikelnya
   (adsbygoogle = window.adsbygoogle || []).push({});  Membuat blog dengan Hugo Pertama, buatlah blog dengan hugo seperti contoh berikut ini.
hugo new site namablog Kedua, masuk ke direktori namablog.
cd namablog Selanjutnya, unduh tema dan pasang ke blog kalian.
Temanya bisa kalian unduh dari Hugo Themes.</description>
    </item>
    
    <item>
      <title>Persiapan Hugo</title>
      <link>https://madewgn.github.io/artikel/persiapan-hugo/</link>
      <pubDate>Fri, 01 Oct 2021 09:30:38 +0000</pubDate>
      
      <guid>https://madewgn.github.io/artikel/persiapan-hugo/</guid>
      <description>Saya punya blog nih
CMS-nya menggunakan Blogger
tapi tidak pernah terurus.
Mungkin saya malas, karena koneksi internet yang kurang cepat.
Maklum tinggal di desa, sinyalnya tidak stabil 😄.
   (adsbygoogle = window.adsbygoogle || []).push({});  Kendala yang saya alami:
 Tidak bisa ngedit artikel secara offline. Kurang aman. (Takut nya ke ban, dll) dan masih banyak lagi. Karena itu, sekarang saya lebih suka ngeblog dari teks editor menggunakan SSG (Satatic Site Generator) daripada CMS seperti Wordpress dan blogger  SSG yang saya pilih adalah Hugo.</description>
    </item>
    
    <item>
      <title>Cara Membuat Artikel Di Jekyll</title>
      <link>https://madewgn.github.io/artikel/cara-membuat-artikel-di-jekyll/</link>
      <pubDate>Fri, 01 Oct 2021 04:06:19 +0000</pubDate>
      
      <guid>https://madewgn.github.io/artikel/cara-membuat-artikel-di-jekyll/</guid>
      <description>Halo selamat datang kembali di Made Wiguna project disini saya akan membahas bagaimana sih caranya membuat artikel jekyll
   (adsbygoogle = window.adsbygoogle || []).push({});  Buat yang belum tahu cara membuat blog dengan jekyll bisa di baca di sini ya https://madewgn.github.io/artikel/cara-nge-blog-dengan-jekyll/
Btw ada dua cara nih untuk menulis di jekyll, yang pertama menulis langsung dari github / gitlab yang kedua menulis secara offline di text editor. Sekarang saya akan membahas dua-duanya nih, tapi yang pertama akan saya bahas adalah cara menulis artikel langsung dari github</description>
    </item>
    
    <item>
      <title>Cara Inport Artikel blogger Ke Hugo</title>
      <link>https://madewgn.github.io/artikel/cara-inport-artikel-blogger-ke-hugo/</link>
      <pubDate>Thu, 30 Sep 2021 22:20:29 +0000</pubDate>
      
      <guid>https://madewgn.github.io/artikel/cara-inport-artikel-blogger-ke-hugo/</guid>
      <description>Dalam rangka migrasi blog saya yang sebelumnya di blogspot ke hugo, saya harus melakukan impor artikel dari Blogger ke Hugo.
Untungnya Hugo sudah menyediakan skrip untuk impor konten dari blogger ke Hugo.
Proses impor ini memakan waktu cukup cepat. Saya kira, tidak sampai 15 menit.
Mungkin anda bisa melakukannya lebih cepat.
Begini caranya…
   (adsbygoogle = window.adsbygoogle || []).push({});  pastikan telah menginstal Go (Golang) dan Git.
sudo apt install git golang Kemudian lakukan langkah-langkah berikut ini.</description>
    </item>
    
    <item>
      <title>cara mudah membuat shortlink dengan heroku</title>
      <link>https://madewgn.github.io/artikel/cara-mudah-membuat-shortlink-dengan-heroku/</link>
      <pubDate>Wed, 29 Sep 2021 00:00:00 +0000</pubDate>
      
      <guid>https://madewgn.github.io/artikel/cara-mudah-membuat-shortlink-dengan-heroku/</guid>
      <description>demo 
Baru-baru ini banyak sekali situs-situs Shorten URL yang memberikan layanan untuk memperpendek URL, dari situs yang tidak memberikan apa-apa untuk kita sampai ada yang memberikan feedback seperti uang kepada kita untuk setiap URL yang dikunjungi oleh pengunjung.
Dari banyaknya situs untuk memperpendek URL, situs mana yang pernah kamu coba? apakah adf.ly? shorte.st? de.tk? atau mungkin situs milik saya pendk.tk? :D. Dari situs-situs tersebut mungkin ada kekurangan dan kelebihannya masing-masing ya.</description>
    </item>
    
    <item>
      <title>Cara Menambahkan Google Analytics Pada Hugo</title>
      <link>https://madewgn.github.io/artikel/cara-menambahkan-google-analytics-pada-hugo/</link>
      <pubDate>Tue, 28 Sep 2021 00:00:00 +0000</pubDate>
      
      <guid>https://madewgn.github.io/artikel/cara-menambahkan-google-analytics-pada-hugo/</guid>
      <description>Ketika kita mengelola sebuah website baik itu website pribadi, kantor, event, dll., pastinya kita ingin bisa memantau traffic dari website tersebut. Salah satu layanan gratis dari Google yang dapat membantu kita melakukan hal tersebut adalah Google Analytics.
Dengan Google Analytics, kita bisa mendapatkan informasi dari mulai halaman mana yang dikunjungi visitor, negara asal visitor, sumber dan kata kunci yang merujuk ke website kita, hingga pembuatan report tentang traffic dari website kita.</description>
    </item>
    
    <item>
      <title>how to make blog with jekyll</title>
      <link>https://madewgn.github.io/artikel/how-to-make-blog-with-jekyll/</link>
      <pubDate>Tue, 28 Sep 2021 00:00:00 +0000</pubDate>
      
      <guid>https://madewgn.github.io/artikel/how-to-make-blog-with-jekyll/</guid>
      <description>Creating a Blog on GitHub Using Jekyll Jekyll is a website generator designed to create static blogs to host on GitHub Pages. Tom Preston-Werner created Jekyll to allow people to blog using a simple static HTML site, with all content hosted and version-controlled on GitHub. The goal is to remove the hassle of blogging platforms by creating workflows that enable blogging in a simpler way.
How Does Jekyll Work? Quoted from its official website, Jekyll allows us to create blogs easily and without using a database.</description>
    </item>
    
    <item>
      <title>cara memasang kode adsense di jekyll</title>
      <link>https://madewgn.github.io/artikel/cara-memasang-kode-adsense-di-jekyll/</link>
      <pubDate>Mon, 27 Sep 2021 00:00:00 +0000</pubDate>
      
      <guid>https://madewgn.github.io/artikel/cara-memasang-kode-adsense-di-jekyll/</guid>
      <description>gambar 
bagai mana cara memasang kode google adsense di jekyll? sebebar nya memasang kode ads di jekyll itu mudah karena hanya perlu menaruh kode nya di dalam _includes tanpa basabasi lagi langsung saja kita ke tutorial nya&amp;hellip;
tambahkan situs baru di Adsense  gambar1 
untuk cara menambahkan situs baru silakan buka halaman situs, setelah itu langsung tambahkan situs baru
kemudian kamu akan mendapat kan kode sepeti ini</description>
    </item>
    
    <item>
      <title>cara nge blog dengan jekyll</title>
      <link>https://madewgn.github.io/artikel/cara-nge-blog-dengan-jekyll/</link>
      <pubDate>Mon, 27 Sep 2021 00:00:00 +0000</pubDate>
      
      <guid>https://madewgn.github.io/artikel/cara-nge-blog-dengan-jekyll/</guid>
      <description>Membuat Blog di GitHub Menggunakan Jekyll Jekyll adalah generator situs web yang dirancang untuk membuat blog statis untuk di-hosting di Halaman GitHub. Tom Preston-Werner menciptakan Jekyll untuk memungkinkan orang untuk blog menggunakan situs HTML statis sederhana, dengan semua konten yang di-host dan dikendalikan oleh versi di GitHub. Tujuannya adalah untuk menghilangkan kerumitan platform blog dengan membuat alur kerja yang memungkinkan blogging dengan cara yang lebih sederhana.
Bagaimana Cara Kerja Jekyll? Dikutip dari situs resmi nya, Jekyll memungkinkan kita untuk membuat blog dengan mudah dan tanpa menggunakan database.</description>
    </item>
    
    <item>
      <title>cara install railway cli</title>
      <link>https://madewgn.github.io/artikel/cara-install-railway-cli/</link>
      <pubDate>Sun, 26 Sep 2021 00:00:00 +0000</pubDate>
      
      <guid>https://madewgn.github.io/artikel/cara-install-railway-cli/</guid>
      <description>Cara Install Railway Cli Install railway Cli railway sangat bagus untuk mendeploy aplikasi buatan sobat, agar nantinya aplikasi buatan sobat dapat di akses secara online, dan cara install nya juga cukup mudahapt updatebtw ada 3 cara nih untuk install railway cli nya, dengan curl, npm dan juga :)
Brew brew tap railwayapp/railway brew install railway
NPM npm i -g @railway/cli
curl curl sh -c (curl -sSL https://raw.githubusercontent.com/railwayapp/cli/master/install.sh)
sekian tutorial install railway cli nya ~</description>
    </item>
    
    <item>
      <title>Cara kompres video dengan ffmpeg</title>
      <link>https://madewgn.github.io/artikel/cara-kompres-video-dengan-ffmpeg/</link>
      <pubDate>Sat, 11 Sep 2021 00:00:00 +0000</pubDate>
      
      <guid>https://madewgn.github.io/artikel/cara-kompres-video-dengan-ffmpeg/</guid>
      <description>Tutorial Compress Video Dengan FFMPEG Pada kesempatan kali ini saya akan memberikan tutorial compress video menggunakan ffmpeg, ffmpeg ini biasanya program yang digunakan aplikasi untuk compress video, salah satunya handbrake. Tutorial ini bisa dipakai di sistem operasi Linux dan Windows (disini saya menggunakan Linux, tetapi perintah nya sama saja mau Linux ataupun Windows)
Kalian install ffmpeg terlebih dahulu Untuk Windows kalian bisa download di gyan.dev untuk sistem operasi Linux saya sarankan menginstall ffmpeg dari snap, karena sudah support Hardware Accelerated, tetapi jika GPU kalian belum support NVENC kalian bisa menggunakan perintah</description>
    </item>
    
    <item>
      <title>cara embed pesan Telegram ke website</title>
      <link>https://madewgn.github.io/artikel/cara-embed-pesan-telegram-ke-website/</link>
      <pubDate>Mon, 06 Sep 2021 00:00:00 +0000</pubDate>
      
      <guid>https://madewgn.github.io/artikel/cara-embed-pesan-telegram-ke-website/</guid>
      <description>kini Telegram kian berkembang. Tidak lagi semata menjadi sarana perpesanan teks, namun juga banyak kegunaan lain. Misalnya saja, kini Telegram bisa digunakan untuk penyimpan atau berbagi berkas, pemutar musik, panggilan suara dan banyak lagi.
Dan di antara banyak pembaruan pada rilis Telegram teranyar, mereka menyuguhkan fitur yang sungguh sama sekali tidak pernah saya duga; kini kita bisa melekatkan (embed) pesan dari kanal atau grup publik ke situs web. Wow&amp;hellip;.
Artinya kini siapapun, walau tanpa memiliki akun telegram, bisa membaca pesan yang kita kirim ke kanal atau grup publik cukup dengan memasukkan tautan dari pesan Telegram ke bilah alamat (address bar) peramban web.</description>
    </item>
    
    <item>
      <title>Cara mendapatkan thumbnail YouTube dengan bot Telegram</title>
      <link>https://madewgn.github.io/artikel/cara-mendapatkan-thumbnail-youtube-dengan-bot-telegram/</link>
      <pubDate>Fri, 03 Sep 2021 00:00:00 +0000</pubDate>
      
      <guid>https://madewgn.github.io/artikel/cara-mendapatkan-thumbnail-youtube-dengan-bot-telegram/</guid>
      <description>Pertama Pastikan kamu sudah punya Telegram selanjutnya buka Telegram
  cari di pencarian @YT_Thumbnail_generator_bot atau bida langsung kamu klik di @YT_Thumbnail_generator_bot
  langsung berikan link
  langsung berikan link
  langsung berikan link YouTube nya dan thumbnail nya pun akan langsung di kirim
  </description>
    </item>
    
    <item>
      <title>Cara deploy userge di termux</title>
      <link>https://madewgn.github.io/artikel/cara-deploy-userge-di-termux/</link>
      <pubDate>Wed, 01 Sep 2021 00:00:00 +0000</pubDate>
      
      <guid>https://madewgn.github.io/artikel/cara-deploy-userge-di-termux/</guid>
      <description>Panduan Termux untuk Pengguna Prasyarat  Aplikasi Termux Setidaknya penyimpanan perangkat 750MB  Pengaturan Cepat  Buka Termux dan jalankan bash &amp;lt;(curl -s https://theuserge.github.io/termux.sh). Tunggu beberapa saat (hingga 10 menit) &amp;hellip; (beberapa kali mungkin meminta input). Ini akan mengarahkan ke config.env dan meminta untuk mengisi. Isi, simpan (ctrl+s) dan tutup (ctrl+x). Sekarang, Instalasi selesai dan waktu untuk menjalankan userge. Tapi pertama-tama lakukan termux-chroot untuk memperbaiki masalah DNS Resolver. Bagus, Sekarang Anda berada di root jadi cd Userge &amp;amp;&amp;amp; bash run.</description>
    </item>
    
    <item>
      <title></title>
      <link>https://madewgn.github.io/artikel/</link>
      <pubDate>Mon, 19 Jul 2021 00:00:00 +0000</pubDate>
      
      <guid>https://madewgn.github.io/artikel/</guid>
      <description>PUNYA Radio Online Streaming alias Radio Internet di My Radio Stream? Mau pasang alias &amp;ldquo;tempel&amp;rdquo; (embed) playernya di blog blogspot Anda?
Oh, blom punya? Bikin dong, gratis kok! Ini dia Cara Membuat Radio Online.
Kalau sudah punya, untuk memasang playernya di blog, Anda tinggal COPY kode berikut ini dan PASTE di Halaman Statis atau di Sidebar (Widget).
 Cara memasang Player Radio Online di Halaman Statis (Static Page):
 Pages &amp;gt; New Page &amp;gt; Klik mode &amp;ldquo;HTML&amp;rdquo; COPAS kode berikut ini:   live demo </description>
    </item>
    
    <item>
      <title></title>
      <link>https://madewgn.github.io/artikel/</link>
      <pubDate>Sat, 17 Jul 2021 00:00:00 +0000</pubDate>
      
      <guid>https://madewgn.github.io/artikel/</guid>
      <description>cara membuat TV online trans 7 di blog atau website Cara Mudah Memasang Script Streaming TV Online di Blog – Tutorial kali ini saya akan membagikan bagaimana cara memasang script streaning TV Online di blog.
Sebenarnya cara memasangnya cukup mudah, yang perlu anda lakukan adalah mencari embed TV Online itu sendiri kemudian anda pasangkan di blog anda.
 Anda tidak perlu pusing untuk mencarinya, dibawah ini sudah saya sertakan script embednya, jadi anda tinggal memasangnya saja di Blog anda.</description>
    </item>
    
    <item>
      <title>Template Blogger AMP HTML Gratis Terbaik</title>
      <link>https://madewgn.github.io/artikel/template-blogger-amp-html-gratis-terbaik/</link>
      <pubDate>Sat, 17 Jul 2021 00:00:00 +0000</pubDate>
      
      <guid>https://madewgn.github.io/artikel/template-blogger-amp-html-gratis-terbaik/</guid>
      <description>Apa itu AMP ? AMP (Accelerated Mobile Pages) atau sering disebut dengan AMP HTML merupakan salah satu project yang dikembangkan oleh Google.
AMP HTML memiliki struktur yang meminimalisir penggunaan JavaScript, CSS, HTML. Jadi ada aturan tertentu dalam penulisan tag atau baris kode pada website AMP HTML.
Tujuan dari AMP HTML yaitu untuk meningkatkan kecepatan akses sebuah website, khususnya akses website dari device smartphone.
Jadi untuk teman-teman yang mungkin pengunjung situsnya kebanyakan dari smartphone, menggunakan AMP HTML adalah salah satu alternatif untuk meningkatkan user experience pada situs Anda.</description>
    </item>
    
    <item>
      <title>Cara membuat Widget Status COVID 19 Indonesia</title>
      <link>https://madewgn.github.io/artikel/cara-membuat-widget-status-covid-19-indonesia/</link>
      <pubDate>Fri, 16 Jul 2021 00:00:00 +0000</pubDate>
      
      <guid>https://madewgn.github.io/artikel/cara-membuat-widget-status-covid-19-indonesia/</guid>
      <description>Cara pemasangannya cukup simple, saya coba menjelaskan cara pemasangan di wordpress dan blogspot.
Pasang widget kawal corona di WordPress Untuk website yang dibangun dengan wordpress, kita dapat masuk ke halaman Tampilan, lalu masuk ke menu Widget.
Setelah itu, kita tambahkan widget HTML Khusus kedalam sidebar. Lalu pada kolom isi di widget HTML Khusus kita tambahkan script dibawah ini
Pasang widget kawal corona di Blogger / Blogspot Untuk memasang widget kawal corona di Blogger/Blogspot kalian dapat masuk ke halaman Tata Letak, lalu klik tombol &amp;ldquo;Tambahkan Widget&amp;rdquo;.</description>
    </item>
    
    <item>
      <title>Cara membuat teks Editor dengan HTML dan java script</title>
      <link>https://madewgn.github.io/artikel/cara-membuat-teks-editor-dengan-html-dan-java-script/</link>
      <pubDate>Wed, 14 Jul 2021 00:00:00 +0000</pubDate>
      
      <guid>https://madewgn.github.io/artikel/cara-membuat-teks-editor-dengan-html-dan-java-script/</guid>
      <description>Cara Memasukkan Teks Editor di HTML dengan Javascript
 Teks Editor merupakan sebuah form khusus yang memiliki fitur-fitur seperti membuat sebuah teks menjadi bold, italic, underline, dan lain-lain, secara sederhananya, ketika kamu membuat sebuah artikel baru di blogspot / wordpress, terdapat sebuah form khusus untuk menempatkan isi artikelnya, form itu merupakan sebuah Teks Editor.
 kode lengkap Demo </description>
    </item>
    
    <item>
      <title>Cara membuat Bot Radio di Telegram</title>
      <link>https://madewgn.github.io/artikel/cara-membuat-bot-radio-di-telegram/</link>
      <pubDate>Mon, 12 Jul 2021 00:00:00 +0000</pubDate>
      
      <guid>https://madewgn.github.io/artikel/cara-membuat-bot-radio-di-telegram/</guid>
      <description>Pemutar Radio Telegram V3 Bot Telegram untuk Memutar Radio/Musik/YouTube Live di Saluran atau Obrolan Suara Grup.
Ini juga merupakan kode sumber bot yang digunakan untuk bermain Radio di AsmSafone Saluran &amp;amp; Musik di Grup SafoTheBot.
Fitur spesial  Daftar putar, antrean, aliran radio 24x7 Mendukung streaming langsung dari youtube Mulai Radio setelah jika tidak ada lagu dalam daftar putar Pemutaran otomatis bahkan jika heroku dimulai ulang Tampilkan posisi pemutaran audio saat ini Kontrol dengan tombol dan perintah Unduh lagu dari youtube sebagai audio Secara otomatis mengunduh audio untuk dua trek pertama dalam daftar putar untuk memastikan pemutaran yang lancar  Terapkan ke Heroku (Cara Mudah)  Deploy  CATATAN: Pastikan Anda Telah Memulai Obrolan Suara Di Saluran/Grup Anda Sebelum Menyebarkan!</description>
    </item>
    
    <item>
      <title>Flake it till you make it</title>
      <link>https://madewgn.github.io/artikel/flake-it-till-you-make-it/</link>
      <pubDate>Wed, 26 Feb 2020 00:00:00 +0000</pubDate>
      
      <guid>https://madewgn.github.io/artikel/flake-it-till-you-make-it/</guid>
      <description>Under what circumstances should we step off a path? When is it essential that we finish what we start? If I bought a bag of peanuts and had an allergic reaction, no one would fault me if I threw it out. If I ended a relationship with a woman who hit me, no one would say that I had a commitment problem. But if I walk away from a seemingly secure route because my soul has other ideas, I am a flake?</description>
    </item>
    
  </channel>
</rss>
