<?xml version="1.0" encoding="utf-8" standalone="yes"?>
<rss version="2.0" xmlns:atom="http://www.w3.org/2005/Atom">
  <channel>
    <title>userbot on Made Wiguna Blogger</title>
    <link>https://madewgn.github.io/tags/userbot/</link>
    <description>Recent content in userbot on Made Wiguna Blogger</description>
    <generator>Hugo -- gohugo.io</generator>
    <language>en-us</language>
    <lastBuildDate>Wed, 01 Sep 2021 00:00:00 +0000</lastBuildDate><atom:link href="https://madewgn.github.io/tags/userbot/index.xml" rel="self" type="application/rss+xml" />
    <item>
      <title>Cara deploy userge di termux</title>
      <link>https://madewgn.github.io/artikel/cara-deploy-userge-di-termux/</link>
      <pubDate>Wed, 01 Sep 2021 00:00:00 +0000</pubDate>
      
      <guid>https://madewgn.github.io/artikel/cara-deploy-userge-di-termux/</guid>
      <description>Panduan Termux untuk Pengguna Prasyarat  Aplikasi Termux Setidaknya penyimpanan perangkat 750MB  Pengaturan Cepat  Buka Termux dan jalankan bash &amp;lt;(curl -s https://theuserge.github.io/termux.sh). Tunggu beberapa saat (hingga 10 menit) &amp;hellip; (beberapa kali mungkin meminta input). Ini akan mengarahkan ke config.env dan meminta untuk mengisi. Isi, simpan (ctrl+s) dan tutup (ctrl+x). Sekarang, Instalasi selesai dan waktu untuk menjalankan userge. Tapi pertama-tama lakukan termux-chroot untuk memperbaiki masalah DNS Resolver. Bagus, Sekarang Anda berada di root jadi cd Userge &amp;amp;&amp;amp; bash run.</description>
    </item>
    
  </channel>
</rss>
