<?xml version="1.0" encoding="utf-8" standalone="yes"?>
<rss version="2.0" xmlns:atom="http://www.w3.org/2005/Atom">
  <channel>
    <title>Telegram-send on Made Wiguna Blogger</title>
    <link>https://madewgn.github.io/tags/telegram-send/</link>
    <description>Recent content in Telegram-send on Made Wiguna Blogger</description>
    <generator>Hugo -- gohugo.io</generator>
    <language>en-us</language>
    <lastBuildDate>Mon, 06 Sep 2021 00:00:00 +0000</lastBuildDate><atom:link href="https://madewgn.github.io/tags/telegram-send/index.xml" rel="self" type="application/rss+xml" />
    <item>
      <title>cara embed pesan Telegram ke website</title>
      <link>https://madewgn.github.io/artikel/cara-embed-pesan-telegram-ke-website/</link>
      <pubDate>Mon, 06 Sep 2021 00:00:00 +0000</pubDate>
      
      <guid>https://madewgn.github.io/artikel/cara-embed-pesan-telegram-ke-website/</guid>
      <description>kini Telegram kian berkembang. Tidak lagi semata menjadi sarana perpesanan teks, namun juga banyak kegunaan lain. Misalnya saja, kini Telegram bisa digunakan untuk penyimpan atau berbagi berkas, pemutar musik, panggilan suara dan banyak lagi.
Dan di antara banyak pembaruan pada rilis Telegram teranyar, mereka menyuguhkan fitur yang sungguh sama sekali tidak pernah saya duga; kini kita bisa melekatkan (embed) pesan dari kanal atau grup publik ke situs web. Wow&amp;hellip;.
Artinya kini siapapun, walau tanpa memiliki akun telegram, bisa membaca pesan yang kita kirim ke kanal atau grup publik cukup dengan memasukkan tautan dari pesan Telegram ke bilah alamat (address bar) peramban web.</description>
    </item>
    
  </channel>
</rss>
