<?xml version="1.0" encoding="utf-8" standalone="yes"?>
<rss version="2.0" xmlns:atom="http://www.w3.org/2005/Atom">
  <channel>
    <title>ffmpeg on Made Wiguna Blogger</title>
    <link>https://madewgn.github.io/tags/ffmpeg/</link>
    <description>Recent content in ffmpeg on Made Wiguna Blogger</description>
    <generator>Hugo -- gohugo.io</generator>
    <language>en-us</language>
    <lastBuildDate>Sat, 11 Sep 2021 00:00:00 +0000</lastBuildDate><atom:link href="https://madewgn.github.io/tags/ffmpeg/index.xml" rel="self" type="application/rss+xml" />
    <item>
      <title>Cara kompres video dengan ffmpeg</title>
      <link>https://madewgn.github.io/artikel/cara-kompres-video-dengan-ffmpeg/</link>
      <pubDate>Sat, 11 Sep 2021 00:00:00 +0000</pubDate>
      
      <guid>https://madewgn.github.io/artikel/cara-kompres-video-dengan-ffmpeg/</guid>
      <description>Tutorial Compress Video Dengan FFMPEG Pada kesempatan kali ini saya akan memberikan tutorial compress video menggunakan ffmpeg, ffmpeg ini biasanya program yang digunakan aplikasi untuk compress video, salah satunya handbrake. Tutorial ini bisa dipakai di sistem operasi Linux dan Windows (disini saya menggunakan Linux, tetapi perintah nya sama saja mau Linux ataupun Windows)
Kalian install ffmpeg terlebih dahulu Untuk Windows kalian bisa download di gyan.dev untuk sistem operasi Linux saya sarankan menginstall ffmpeg dari snap, karena sudah support Hardware Accelerated, tetapi jika GPU kalian belum support NVENC kalian bisa menggunakan perintah</description>
    </item>
    
  </channel>
</rss>
