<?xml version="1.0" encoding="utf-8" standalone="yes"?>
<rss version="2.0" xmlns:atom="http://www.w3.org/2005/Atom">
  <channel>
    <title>YouTube on Made Wiguna Blogger</title>
    <link>https://madewgn.github.io/tags/youtube/</link>
    <description>Recent content in YouTube on Made Wiguna Blogger</description>
    <generator>Hugo -- gohugo.io</generator>
    <language>en-us</language>
    <lastBuildDate>Fri, 03 Sep 2021 00:00:00 +0000</lastBuildDate><atom:link href="https://madewgn.github.io/tags/youtube/index.xml" rel="self" type="application/rss+xml" />
    <item>
      <title>Cara mendapatkan thumbnail YouTube dengan bot Telegram</title>
      <link>https://madewgn.github.io/artikel/cara-mendapatkan-thumbnail-youtube-dengan-bot-telegram/</link>
      <pubDate>Fri, 03 Sep 2021 00:00:00 +0000</pubDate>
      
      <guid>https://madewgn.github.io/artikel/cara-mendapatkan-thumbnail-youtube-dengan-bot-telegram/</guid>
      <description>Pertama Pastikan kamu sudah punya Telegram selanjutnya buka Telegram
  cari di pencarian @YT_Thumbnail_generator_bot atau bida langsung kamu klik di @YT_Thumbnail_generator_bot
  langsung berikan link
  langsung berikan link
  langsung berikan link YouTube nya dan thumbnail nya pun akan langsung di kirim
  </description>
    </item>
    
  </channel>
</rss>
