<?xml version="1.0" encoding="utf-8" standalone="yes"?>
<rss version="2.0" xmlns:atom="http://www.w3.org/2005/Atom">
  <channel>
    <title>JavaScript on Made Wiguna Blogger</title>
    <link>https://madewgn.github.io/tags/javascript/</link>
    <description>Recent content in JavaScript on Made Wiguna Blogger</description>
    <generator>Hugo -- gohugo.io</generator>
    <language>en-us</language>
    <lastBuildDate>Mon, 19 Jul 2021 00:00:00 +0000</lastBuildDate><atom:link href="https://madewgn.github.io/tags/javascript/index.xml" rel="self" type="application/rss+xml" />
    <item>
      <title></title>
      <link>https://madewgn.github.io/artikel/</link>
      <pubDate>Mon, 19 Jul 2021 00:00:00 +0000</pubDate>
      
      <guid>https://madewgn.github.io/artikel/</guid>
      <description>PUNYA Radio Online Streaming alias Radio Internet di My Radio Stream? Mau pasang alias &amp;ldquo;tempel&amp;rdquo; (embed) playernya di blog blogspot Anda?
Oh, blom punya? Bikin dong, gratis kok! Ini dia Cara Membuat Radio Online.
Kalau sudah punya, untuk memasang playernya di blog, Anda tinggal COPY kode berikut ini dan PASTE di Halaman Statis atau di Sidebar (Widget).
 Cara memasang Player Radio Online di Halaman Statis (Static Page):
 Pages &amp;gt; New Page &amp;gt; Klik mode &amp;ldquo;HTML&amp;rdquo; COPAS kode berikut ini:   live demo </description>
    </item>
    
    <item>
      <title></title>
      <link>https://madewgn.github.io/artikel/</link>
      <pubDate>Sat, 17 Jul 2021 00:00:00 +0000</pubDate>
      
      <guid>https://madewgn.github.io/artikel/</guid>
      <description>cara membuat TV online trans 7 di blog atau website Cara Mudah Memasang Script Streaming TV Online di Blog – Tutorial kali ini saya akan membagikan bagaimana cara memasang script streaning TV Online di blog.
Sebenarnya cara memasangnya cukup mudah, yang perlu anda lakukan adalah mencari embed TV Online itu sendiri kemudian anda pasangkan di blog anda.
 Anda tidak perlu pusing untuk mencarinya, dibawah ini sudah saya sertakan script embednya, jadi anda tinggal memasangnya saja di Blog anda.</description>
    </item>
    
    <item>
      <title>Cara membuat Widget Status COVID 19 Indonesia</title>
      <link>https://madewgn.github.io/artikel/cara-membuat-widget-status-covid-19-indonesia/</link>
      <pubDate>Fri, 16 Jul 2021 00:00:00 +0000</pubDate>
      
      <guid>https://madewgn.github.io/artikel/cara-membuat-widget-status-covid-19-indonesia/</guid>
      <description>Cara pemasangannya cukup simple, saya coba menjelaskan cara pemasangan di wordpress dan blogspot.
Pasang widget kawal corona di WordPress Untuk website yang dibangun dengan wordpress, kita dapat masuk ke halaman Tampilan, lalu masuk ke menu Widget.
Setelah itu, kita tambahkan widget HTML Khusus kedalam sidebar. Lalu pada kolom isi di widget HTML Khusus kita tambahkan script dibawah ini
Pasang widget kawal corona di Blogger / Blogspot Untuk memasang widget kawal corona di Blogger/Blogspot kalian dapat masuk ke halaman Tata Letak, lalu klik tombol &amp;ldquo;Tambahkan Widget&amp;rdquo;.</description>
    </item>
    
    <item>
      <title>Cara membuat teks Editor dengan HTML dan java script</title>
      <link>https://madewgn.github.io/artikel/cara-membuat-teks-editor-dengan-html-dan-java-script/</link>
      <pubDate>Wed, 14 Jul 2021 00:00:00 +0000</pubDate>
      
      <guid>https://madewgn.github.io/artikel/cara-membuat-teks-editor-dengan-html-dan-java-script/</guid>
      <description>Cara Memasukkan Teks Editor di HTML dengan Javascript
 Teks Editor merupakan sebuah form khusus yang memiliki fitur-fitur seperti membuat sebuah teks menjadi bold, italic, underline, dan lain-lain, secara sederhananya, ketika kamu membuat sebuah artikel baru di blogspot / wordpress, terdapat sebuah form khusus untuk menempatkan isi artikelnya, form itu merupakan sebuah Teks Editor.
 kode lengkap Demo </description>
    </item>
    
  </channel>
</rss>
