<?xml version="1.0" encoding="utf-8" standalone="yes"?>
<rss version="2.0" xmlns:atom="http://www.w3.org/2005/Atom">
  <channel>
    <title>wordpress on Made Wiguna Blogger</title>
    <link>https://madewgn.github.io/tags/wordpress/</link>
    <description>Recent content in wordpress on Made Wiguna Blogger</description>
    <generator>Hugo -- gohugo.io</generator>
    <language>en-us</language>
    <lastBuildDate>Sat, 02 Oct 2021 02:23:34 +0000</lastBuildDate><atom:link href="https://madewgn.github.io/tags/wordpress/index.xml" rel="self" type="application/rss+xml" />
    <item>
      <title>Cara Migrasi WordPress Ke Hugo</title>
      <link>https://madewgn.github.io/artikel/cara-migrasi-wordpress-ke-hugo/</link>
      <pubDate>Sat, 02 Oct 2021 02:23:34 +0000</pubDate>
      
      <guid>https://madewgn.github.io/artikel/cara-migrasi-wordpress-ke-hugo/</guid>
      <description>cara migrasi WordPress ke Hugo Selamat datang lagi di blog madewgn dulu saya sudah pernah membahas bagaimana caranya migrasi blogger ke hugo tapi sekarang saya akan memberikan tutorial singkat bagaimana sih caranya migrasi dari wordpress ke hugo.    (adsbygoogle = window.adsbygoogle || []).push({});  Pertama - tama silakan Install python terlebih dahulu
sudo apt-get install python-yaml python-bs4 python-html2text Langkah kedua silakan clone dulu repository nya
git clone https://github.com/wooni005/exitwp-for-hugo.git    (adsbygoogle = window.</description>
    </item>
    
  </channel>
</rss>
