<?xml version="1.0" encoding="utf-8" standalone="yes"?>
<rss version="2.0" xmlns:atom="http://www.w3.org/2005/Atom">
  <channel>
    <title>Tags on Made Wiguna Blogger</title>
    <link>https://madewgn.github.io/tags/</link>
    <description>Recent content in Tags on Made Wiguna Blogger</description>
    <generator>Hugo -- gohugo.io</generator>
    <language>en-us</language>
    <lastBuildDate>Tue, 05 Oct 2021 10:17:25 +0000</lastBuildDate><atom:link href="https://madewgn.github.io/tags/index.xml" rel="self" type="application/rss+xml" />
    <item>
      <title>hugo</title>
      <link>https://madewgn.github.io/tags/hugo/</link>
      <pubDate>Tue, 05 Oct 2021 10:17:25 +0000</pubDate>
      
      <guid>https://madewgn.github.io/tags/hugo/</guid>
      <description></description>
    </item>
    
    <item>
      <title>github</title>
      <link>https://madewgn.github.io/tags/github/</link>
      <pubDate>Mon, 04 Oct 2021 22:28:20 +0000</pubDate>
      
      <guid>https://madewgn.github.io/tags/github/</guid>
      <description></description>
    </item>
    
    <item>
      <title>blog</title>
      <link>https://madewgn.github.io/tags/blog/</link>
      <pubDate>Sun, 03 Oct 2021 23:01:51 +0000</pubDate>
      
      <guid>https://madewgn.github.io/tags/blog/</guid>
      <description></description>
    </item>
    
    <item>
      <title>git</title>
      <link>https://madewgn.github.io/tags/git/</link>
      <pubDate>Sun, 03 Oct 2021 11:45:50 +0000</pubDate>
      
      <guid>https://madewgn.github.io/tags/git/</guid>
      <description></description>
    </item>
    
    <item>
      <title>berita</title>
      <link>https://madewgn.github.io/tags/berita/</link>
      <pubDate>Sat, 02 Oct 2021 05:27:20 +0000</pubDate>
      
      <guid>https://madewgn.github.io/tags/berita/</guid>
      <description></description>
    </item>
    
    <item>
      <title>wordpress</title>
      <link>https://madewgn.github.io/tags/wordpress/</link>
      <pubDate>Sat, 02 Oct 2021 02:23:34 +0000</pubDate>
      
      <guid>https://madewgn.github.io/tags/wordpress/</guid>
      <description></description>
    </item>
    
    <item>
      <title>tutorial</title>
      <link>https://madewgn.github.io/tags/tutorial/</link>
      <pubDate>Fri, 01 Oct 2021 11:20:11 +0000</pubDate>
      
      <guid>https://madewgn.github.io/tags/tutorial/</guid>
      <description></description>
    </item>
    
    <item>
      <title>markdown</title>
      <link>https://madewgn.github.io/tags/markdown/</link>
      <pubDate>Fri, 01 Oct 2021 10:46:30 +0000</pubDate>
      
      <guid>https://madewgn.github.io/tags/markdown/</guid>
      <description></description>
    </item>
    
    <item>
      <title>jekyll</title>
      <link>https://madewgn.github.io/tags/jekyll/</link>
      <pubDate>Fri, 01 Oct 2021 04:06:19 +0000</pubDate>
      
      <guid>https://madewgn.github.io/tags/jekyll/</guid>
      <description></description>
    </item>
    
    <item>
      <title>heroku</title>
      <link>https://madewgn.github.io/tags/heroku/</link>
      <pubDate>Wed, 29 Sep 2021 00:00:00 +0000</pubDate>
      
      <guid>https://madewgn.github.io/tags/heroku/</guid>
      <description></description>
    </item>
    
    <item>
      <title>railway</title>
      <link>https://madewgn.github.io/tags/railway/</link>
      <pubDate>Sun, 26 Sep 2021 00:00:00 +0000</pubDate>
      
      <guid>https://madewgn.github.io/tags/railway/</guid>
      <description></description>
    </item>
    
    <item>
      <title>ffmpeg</title>
      <link>https://madewgn.github.io/tags/ffmpeg/</link>
      <pubDate>Sat, 11 Sep 2021 00:00:00 +0000</pubDate>
      
      <guid>https://madewgn.github.io/tags/ffmpeg/</guid>
      <description></description>
    </item>
    
    <item>
      <title>Telegram-send</title>
      <link>https://madewgn.github.io/tags/telegram-send/</link>
      <pubDate>Mon, 06 Sep 2021 00:00:00 +0000</pubDate>
      
      <guid>https://madewgn.github.io/tags/telegram-send/</guid>
      <description></description>
    </item>
    
    <item>
      <title>Bot</title>
      <link>https://madewgn.github.io/tags/bot/</link>
      <pubDate>Fri, 03 Sep 2021 00:00:00 +0000</pubDate>
      
      <guid>https://madewgn.github.io/tags/bot/</guid>
      <description></description>
    </item>
    
    <item>
      <title>YouTube</title>
      <link>https://madewgn.github.io/tags/youtube/</link>
      <pubDate>Fri, 03 Sep 2021 00:00:00 +0000</pubDate>
      
      <guid>https://madewgn.github.io/tags/youtube/</guid>
      <description></description>
    </item>
    
    <item>
      <title>Telegram</title>
      <link>https://madewgn.github.io/tags/telegram/</link>
      <pubDate>Wed, 01 Sep 2021 00:00:00 +0000</pubDate>
      
      <guid>https://madewgn.github.io/tags/telegram/</guid>
      <description></description>
    </item>
    
    <item>
      <title>userbot</title>
      <link>https://madewgn.github.io/tags/userbot/</link>
      <pubDate>Wed, 01 Sep 2021 00:00:00 +0000</pubDate>
      
      <guid>https://madewgn.github.io/tags/userbot/</guid>
      <description></description>
    </item>
    
    <item>
      <title>Blogger</title>
      <link>https://madewgn.github.io/tags/blogger/</link>
      <pubDate>Mon, 19 Jul 2021 00:00:00 +0000</pubDate>
      
      <guid>https://madewgn.github.io/tags/blogger/</guid>
      <description></description>
    </item>
    
    <item>
      <title>JavaScript</title>
      <link>https://madewgn.github.io/tags/javascript/</link>
      <pubDate>Mon, 19 Jul 2021 00:00:00 +0000</pubDate>
      
      <guid>https://madewgn.github.io/tags/javascript/</guid>
      <description></description>
    </item>
    
    <item>
      <title>Template</title>
      <link>https://madewgn.github.io/tags/template/</link>
      <pubDate>Sat, 17 Jul 2021 00:00:00 +0000</pubDate>
      
      <guid>https://madewgn.github.io/tags/template/</guid>
      <description></description>
    </item>
    
    <item>
      <title>css</title>
      <link>https://madewgn.github.io/tags/css/</link>
      <pubDate>Fri, 16 Jul 2021 00:00:00 +0000</pubDate>
      
      <guid>https://madewgn.github.io/tags/css/</guid>
      <description></description>
    </item>
    
    <item>
      <title>html</title>
      <link>https://madewgn.github.io/tags/html/</link>
      <pubDate>Fri, 16 Jul 2021 00:00:00 +0000</pubDate>
      
      <guid>https://madewgn.github.io/tags/html/</guid>
      <description></description>
    </item>
    
    <item>
      <title>books</title>
      <link>https://madewgn.github.io/tags/books/</link>
      <pubDate>Wed, 26 Feb 2020 00:00:00 +0000</pubDate>
      
      <guid>https://madewgn.github.io/tags/books/</guid>
      <description></description>
    </item>
    
    <item>
      <title>test</title>
      <link>https://madewgn.github.io/tags/test/</link>
      <pubDate>Wed, 26 Feb 2020 00:00:00 +0000</pubDate>
      
      <guid>https://madewgn.github.io/tags/test/</guid>
      <description></description>
    </item>
    
  </channel>
</rss>
